time_ms, x_mm, y_mm, heading_deg
84, 0.0, 0.0, 0
153, 7.0, 0.0, 0
223, 14.0, 0.0, 0
294, 22.0, 0.0, 0
365, 28.0, 0.0, 0
434, 35.0, 0.0, 0
504, 43.0, 0.0, 0
574, 49.0, 0.0, 0
642, 56.00000000000001, 0.0, 0
713, 63.00000000000001, 0.0, 0
783, 70.0, 0.0, 0
857, 78.00000000000001, 0.0, 0
923, 84.0, 0.0, 0
991, 91.0, 0.0, 0
1057, 98.00000000000001, 0.0, 0
1123, 104.0, 0.0, 0
1192, 111.0, 0.0, 0
1260, 118.0, 0.0, 0
1326, 124.0, 0.0, 0
1394, 132.0, 0.0, 0
1467, 139.0, 0.0, 0
1532, 145.0, 0.0, 0
1601, 152.0, 0.0, 0
1671, 159.0, 0.0, 0
1741, 166.0, 0.0, 0
1810, 173.0, 0.0, 0
1876, 180.0, 0.0, 0
1943, 186.0, 0.0, 0
2012, 193.0, 0.0, 0
2082, 200.0, 0.0, 0
2151, 207.0, 0.0, 0
2217, 214.0, 0.0, 0
2284, 221.0, 0.0, 0
2352, 227.0, 0.0, 0
2420, 234.0, 0.0, 0
2488, 241.0, 0.0, 0
2557, 248.0, 0.0, 0
2623, 255.0, 0.0, 0
2693, 261.0, 0.0, 0
2760, 268.0, 0.0, 0
2825, 275.0, 0.0, 0
2894, 281.0, 0.0, 0
2962, 288.0, 0.0, 0
3030, 295.0, 0.0, 0
3099, 302.0, 0.0, 0
3164, 309.0, 0.0, 0
3232, 315.0, 0.0, 0
3298, 322.0, 0.0, 0
3363, 328.0, 0.0, 0
3430, 335.0, 0.0, 0
3501, 342.0, 0.0, 0
3570, 349.0, 0.0, 0
3635, 356.0, 0.0, 0
3703, 362.0, 0.0, 0
3766, 369.0, 0.0, 0
3832, 375.0, 0.0, 0
3903, 383.0, 0.0, 0
3971, 389.0, 0.0, 0
4037, 396.0, 0.0, 0
4104, 400.999238475782, 0.08726203218641757, 1
4173, 400.999238475782, 0.08726203218641757, 5
4236, 400.999238475782, 0.08726203218641757, 8
4305, 400.999238475782, 0.08726203218641757, 11
4370, 400.999238475782, 0.08726203218641757, 15
4434, 400.999238475782, 0.08726203218641757, 18
4499, 400.999238475782, 0.08726203218641757, 21
4562, 400.999238475782, 0.08726203218641757, 24
4630, 400.999238475782, 0.08726203218641757, 28
4700, 400.999238475782, 0.08726203218641757, 31
4764, 400.999238475782, 0.08726203218641757, 34
4832, 400.999238475782, 0.08726203218641757, 38
4898, 400.999238475782, 0.08726203218641757, 41
4964, 400.999238475782, 0.08726203218641757, 44
5032, 400.999238475782, 0.08726203218641757, 48
5100, 400.999238475782, 0.08726203218641757, 51
5166, 400.999238475782, 0.08726203218641757, 54
5233, 400.999238475782, 0.08726203218641757, 57
5296, 400.999238475782, 0.08726203218641757, 61
5362, 400.999238475782, 0.08726203218641757, 64
5428, 400.999238475782, 0.08726203218641757, 65
5493, 400.999238475782, 0.08726203218641757, 61
5561, 400.999238475782, 0.08726203218641757, 58
5627, 400.999238475782, 0.08726203218641757, 55
5694, 400.999238475782, 0.08726203218641757, 52
5757, 400.999238475782, 0.08726203218641757, 49
5823, 400.999238475782, 0.08726203218641757, 45
5893, 400.999238475782, 0.08726203218641757, 42
5960, 400.999238475782, 0.08726203218641757, 39
6026, 400.999238475782, 0.08726203218641757, 35
6093, 400.999238475782, 0.08726203218641757, 32
6162, 400.999238475782, 0.08726203218641757, 28
6226, 400.999238475782, 0.08726203218641757, 25
6291, 400.999238475782, 0.08726203218641757, 22
6356, 400.999238475782, 0.08726203218641757, 19
6423, 400.999238475782, 0.08726203218641757, 15
6486, 400.999238475782, 0.08726203218641757, 12
6554, 400.999238475782, 0.08726203218641757, 9
6623, 400.999238475782, 0.08726203218641757, 5
6691, 400.999238475782, 0.08726203218641757, 2
6762, 400.999238475782, 0.08726203218641757, -1
6827, 400.999238475782, 0.08726203218641757, -5
6892, 400.999238475782, 0.08726203218641757, -8
6957, 400.999238475782, 0.08726203218641757, -11
7023, 400.999238475782, 0.08726203218641757, -14
7087, 400.999238475782, 0.08726203218641757, -18
7153, 400.999238475782, 0.08726203218641757, -21
7218, 400.999238475782, 0.08726203218641757, -24
7285, 403.7181618368919, -1.180592753035681, -25
7353, 410.0623163461485, -4.138920585220577, -25
7423, 415.4083554912787, -6.862863583657857, -27
7489, 414.5511881905766, -6.347825508747803, -31
7554, 413.7221506180215, -5.788632605277057, -34
7622, 414.5207861280689, -6.390447628429105, -37
7688, 414.5207861280689, -6.390447628429105, -40
7753, 416.0070757790236, -7.728708841146822, -42
7816, 422.0447524208058, -12.97718107307088, -41
7887, 426.5036213736701, -16.99196471122403, -42
7951, 427.9178349360433, -18.40617827359712, -45
8018, 427.2487043296844, -17.66303344811973, -48
8083, 427.2487043296844, -17.66303344811973, -51
8152, 431.0246266759834, -22.32590921686155, -51
8217, 434.8005490222825, -26.98878498560338, -51
8288, 438.4114391611948, -31.78059804588714, -53
8352, 438.4114391611948, -31.78059804588714, -56
8421, 438.4114391611948, -31.78059804588714, -59
8486, 440.9866295357451, -36.0664345493977, -59
8554, 445.1069341350254, -42.9237729550146, -59
8617, 448.1971625844857, -48.06677675922728, -59
8685, 450.6212106857174, -52.43987529492426, -61
8752, 450.1985924239768, -51.5335675078876, -65
8820, 450.1985924239768, -51.5335675078876, -67
8884, 452.0716253910563, -56.16948678072154, -68
8951, 455.1974744189705, -63.53352560834106, -67
9017, 457.4451139794659, -69.09662873574179, -68
9082, 460.0673601333773, -75.58691571770931, -68
9151, 462.3149996938728, -81.15001884511003, -68
9218, 464.9372458477841, -87.64030582707754, -68
9284, 465.9139503111556, -90.4768615538755, -71
9351, 465.6383129553386, -89.51559985793718, -74
9422, 466.7408623786065, -93.36064664169045, -74
9486, 468.9459612251425, -101.050740209197, -74
9552, 470.8754227158615, -107.7795720807652, -74
9617, 472.5292468507635, -113.5471422563952, -74
9684, 474.1830709856655, -119.3147124320251, -74
9752, 476.3881698322015, -127.0048059995316, -74
9816, 478.0419939671035, -132.7723761751615, -74
9885, 479.9714554578225, -139.5012080467297, -74
9951, 481.5243697284376, -145.2967630044641, -75
10017, 481.7322814192553, -146.2749106051979, -78
10084, 481.7322814192553, -146.2749106051979, -81
10152, 481.6451256765077, -145.2787159071062, -85
10218, 481.6800251732102, -146.2781067341253, -88
10285, 481.6800251732102, -146.2781067341253, -91
10348, 481.6800251732102, -146.2781067341253, -94
10415, 481.8191982741703, -145.2878386653837, -98
10482, 481.6283892787937, -146.2694658488314, -101
10547, 481.6283892787937, -146.2694658488314, -104
10614, 481.9374062731687, -145.3184093325362, -108
10682, 481.5790383236234, -146.2519897590334, -111
10753, 481.5790383236234, -146.2519897590334, -114
10818, 482.0485098864093, -145.3690421661745, -118
10882, 481.5334718114991, -146.2262094668766, -121
10952, 481.5334718114991, -146.2262094668766, -125
11017, 482.1491332868248, -145.4381987132699, -128
11083, 481.4930742578343, -146.1929082934927, -131
11151, 481.4930742578343, -146.1929082934927, -135
11216, 481.4930742578343, -146.1929082934927, -138
11282, 481.4930742578343, -146.1929082934927, -140
11350, 481.4930742578343, -146.1929082934927, -136
11415, 482.1877326282934, -145.473568493154, -134
11482, 481.5449450186068, -146.239612936273, -130
11551, 482.1467600417589, -145.4409774262257, -127
11617, 481.5875671382881, -146.2700149987807, -124
11683, 481.5875671382881, -146.2700149987807, -120
11751, 482.0415576380277, -145.3790084745924, -117
11816, 481.6508265095384, -146.2995133280448, -113
11883, 481.6508265095384, -146.2995133280448, -110
11953, 481.6508265095384, -146.2995133280448, -107
12015, 481.6508265095384, -146.2995133280448, -104
12084, 481.6508265095384, -146.2995133280448, -100
12151, 481.6508265095384, -146.2995133280448, -97
12220, 481.6508265095384, -146.2995133280448, -93
12286, 481.6508265095384, -146.2995133280448, -90
12355, 481.6508265095384, -146.2995133280448, -87
12422, 481.6508265095384, -146.2995133280448, -83
12491, 481.6508265095384, -146.2995133280448, -80
12556, 481.6508265095384, -146.2995133280448, -77
12623, 481.6508265095384, -146.2995133280448, -73
12693, 481.6508265095384, -146.2995133280448, -70
12762, 481.6508265095384, -146.2995133280448, -66
12833, 481.1968360097987, -145.4085068038565, -63
12901, 481.7118740847088, -146.2656741045586, -59
12970, 481.1526811812381, -145.4366365320035, -56
13035, 481.1526811812381, -145.4366365320035, -53
13104, 482.4382564006111, -146.9687254182415, -50
13168, 486.2141787469102, -151.6316011869833, -51
13236, 490.7136920147159, -156.9939122888162, -50
13304, 492.0776887348409, -158.4566196920545, -47
13372, 491.3463350332217, -157.774621331992, -43
13437, 491.3463350332217, -157.774621331992, -40
13505, 494.4105128056976, -160.3457717707381, -40
13572, 500.5388683506494, -165.4880726482305, -40
13641, 502.9347748807913, -167.2935177176866, -37
13707, 502.1057373082363, -166.7343248142159, -34
13773, 502.1057373082363, -166.7343248142159, -31
13841, 507.248741112449, -169.8245532636762, -31
13907, 513.2489122173638, -173.4298197880466, -31
13973, 519.3110900438549, -176.9298197880466, -30
14041, 520.2020965680432, -177.3838102877861, -27
14108, 519.2885511104006, -176.9770736447103, -24
14174, 520.2157349649674, -177.3516802381262, -22
14242, 527.6332058015018, -180.3485329854535, -22
14309, 533.1963089289025, -182.596172545949, -22
14378, 539.68659591087, -185.2184186998604, -22
14444, 546.1768828928375, -187.8406648537718, -22
14509, 549.0134386196355, -188.8173693171433, -19
14577, 549.0134386196355, -188.8173693171433, -16
14643, 549.0134386196355, -188.8173693171433, -14
14708, 555.8055087035675, -190.5108225863409, -14
14773, 562.5975787874995, -192.2042758555386, -14
14843, 569.3896488714315, -193.8977291247363, -14
14910, 576.1817189553636, -195.591182393934, -14
14974, 582.0034933130195, -197.042713767532, -14
15038, 586.8753436369457, -198.1674690392513, -13
15108, 585.8850755682041, -198.0282959382912, -8
15174, 586.8776217198455, -198.1501652816964, -7
15243, 593.8254447813347, -199.0032506855324, -7
15310, 601.7658139944652, -199.9782054327736, -7
15377, 607.7210909043132, -200.7094214932045, -7
15442, 614.6689139658024, -201.5625068970404, -7
15512, 621.6167370272916, -202.4155923008765, -7
15578, 627.5720139371396, -203.1468083613074, -7
15646, 628.5706434718942, -203.1991443175503, -3
15714, 628.5706434718942, -203.1991443175503, 0
15781, 628.5706434718942, -203.1991443175503, 3
15847, 628.5706434718942, -203.1991443175503, 7
15912, 628.5706434718942, -203.1991443175503, 10
15984, 628.5706434718942, -203.1991443175503, 14
16051, 628.5706434718942, -203.1991443175503, 17
16118, 628.5706434718942, -203.1991443175503, 20
16184, 628.5706434718942, -203.1991443175503, 23
16251, 628.5706434718942, -203.1991443175503, 27
16317, 630.3365386576121, -202.2602011919786, 28
16383, 636.5171718076246, -198.9739002524773, 28
16450, 641.7648900504609, -196.0650425309993, 29
16518, 643.4422311863519, -194.9757644609692, 33
16584, 642.6332141919769, -195.5635497132617, 36
16651, 642.6332141919769, -195.5635497132617, 39
16717, 642.6332141919769, -195.5635497132617, 42
16783, 642.6332141919769, -195.5635497132617, 46
16848, 646.1687480979097, -192.028015807329, 45
16913, 651.8256023474021, -186.3711615578366, 45
16983, 655.9175925077771, -181.9830393481216, 47
17051, 655.2748048980905, -182.7490837912405, 50
17117, 655.2748048980905, -182.7490837912405, 53
17183, 656.4219577707926, -181.1107797026625, 55
17252, 661.1242397891324, -174.638643747663, 54
17318, 664.5656984072387, -169.723731481929, 55
17383, 666.7442545472987, -166.3690492101473, 57
17451, 666.2442545472987, -167.2350746139318, 60
17515, 666.2442545472987, -167.2350746139318, 63
17582, 668.9681975457361, -161.8890354688016, 63
17651, 672.1461310439129, -155.651989799483, 63
17718, 675.2147290714364, -149.3604314753888, 64
17787, 677.8449559521708, -143.9676671975938, 64
17853, 678.6264182091494, -142.1266574906889, 67
17926, 678.3008500546922, -143.0721760662882, 71
17990, 679.2775545180636, -140.2356203394903, 71
18054, 681.8820997537209, -132.6714717346958, 71
18122, 684.161076834921, -126.0528417055006, 71
18190, 686.4400539161211, -119.4342116763053, 71
18254, 688.393462842864, -113.7611002227094, 71
18319, 690.3468717696069, -108.0879887691135, 71
18385, 692.2009737358565, -102.3816496713426, 72
18449, 692.2009737358565, -102.3816496713426, 76
18514, 692.2009737358565, -102.3816496713426, 79
18582, 693.1550187127393, -97.47351375410426, 79
18648, 694.4906816803751, -90.6021234699706, 79
18712, 695.8263446480109, -83.73073318583696, 79
18781, 696.9711986202703, -77.84097008515097, 79
18847, 698.3068615879061, -70.96957980101732, 79
18912, 699.6425245555419, -64.09818951688367, 79
18975, 700.7873785278012, -58.20842641619769, 79
19042, 701.9322325000604, -52.31866331551171, 79
19108, 703.2678954676962, -45.44727303137805, 79
19181, 704.7943674307086, -37.59425556379675, 79
19245, 705.9392214029678, -31.70449246311076, 79
19311, 707.2748843706037, -24.83310217897712, 79
19374, 708.419738342863, -18.94333907829113, 79
19443, 709.7554013104988, -12.07194879415749, 79
19508, 710.6236421988334, -7.147910029096444, 80
19572, 710.6236421988334, -7.147910029096444, 84
19641, 710.7979536843287, -5.155520632912953, 85
19710, 711.5296529272022, 1.80613263466496, 84
19775, 712.1397431264358, 8.779495521307179, 85
19842, 712.7498333256694, 15.7528584079494, 85
19906, 713.3770041052753, 21.71998978015904, 84
19973, 713.9870943045089, 28.69335266680126, 85
20041, 714.5971845037425, 35.66671555344348, 85
20111, 715.1201189602284, 41.64388374199396, 85
20176, 715.730209159462, 48.61724662863618, 85
20243, 716.3402993586956, 55.5906095152784, 85
20311, 716.9503895579291, 62.56397240192062, 85
20383, 717.5604797571627, 69.53733528856283, 85
20447, 718.0834142136487, 75.51450347711331, 85
20512, 718.6935044128822, 82.48786636375554, 85
20577, 719.2164388693682, 88.46503455230602, 85
20643, 719.8265290686018, 95.43839743894823, 85
20710, 720.4366192678354, 102.4117603255905, 85
20775, 720.9595537243213, 108.3889285141409, 85
20841, 721.5696439235549, 115.3622914007832, 85
20910, 722.1797341227885, 122.3356542874254, 85
20976, 722.7026685792744, 128.3128224759759, 85
21045, 723.312758778508, 135.286185362618, 85
21111, 723.9228489777416, 142.2595482492603, 85
21183, 724.5329391769751, 149.2329111359025, 85
21250, 725.1430293762087, 156.2062740225447, 85
21318, 725.6659638326946, 162.1834422110951, 85
21382, 726.2760540319282, 169.1568050977374, 85
21448, 726.7989884884141, 175.1339732862878, 85
21513, 727.4090786876477, 182.1073361729301, 85
21580, 728.0191688868813, 189.0806990595723, 85
21649, 728.5421033433672, 195.0578672481227, 85
21715, 729.1521935426008, 202.031230134765, 85
21782, 729.7622837418344, 209.0045930214071, 85
21851, 730.372373941068, 215.9779559080494, 85
21915, 730.8953083975539, 221.9551240965998, 85
21982, 731.6270076404274, 228.9167773641777, 84
22051, 732.237097839661, 235.89014025082, 85
22115, 732.2545502460984, 236.8899879459764, 89
22183, 732.2894497428008, 235.8905971189573, 92
22250, 732.2894497428008, 235.8905971189573, 95
22314, 732.1502766418408, 236.8808651876988, 98
22378, 732.3410856372172, 235.8992380042511, 101
22443, 732.3410856372172, 235.8992380042511, 105
22512, 732.3410856372172, 235.8992380042511, 108
22576, 732.3410856372172, 235.8992380042511, 111
22642, 732.3410856372172, 235.8992380042511, 115
22708, 732.3410856372172, 235.8992380042511, 118
22775, 732.3410856372172, 235.8992380042511, 121
22838, 732.3410856372172, 235.8992380042511, 124
22904, 732.3410856372172, 235.8992380042511, 128
22972, 732.3410856372172, 235.8992380042511, 131
23040, 732.3410856372172, 235.8992380042511, 134
23106, 732.3410856372172, 235.8992380042511, 138
23173, 732.3410856372172, 235.8992380042511, 141
23241, 732.3410856372172, 235.8992380042511, 144
23304, 732.3410856372172, 235.8992380042511, 148
23372, 732.3410856372172, 235.8992380042511, 150
23441, 732.3410856372172, 235.8992380042511, 146
23506, 732.3410856372172, 235.8992380042511, 143
23570, 732.3410856372172, 235.8992380042511, 140
23634, 732.3410856372172, 235.8992380042511, 137
23702, 732.3410856372172, 235.8992380042511, 133
23770, 732.3410856372172, 235.8992380042511, 130
23834, 732.3410856372172, 235.8992380042511, 127
23901, 732.3410856372172, 235.8992380042511, 124
23969, 732.3410856372172, 235.8992380042511, 120
24035, 732.3410856372172, 235.8992380042511, 117
24104, 732.3410856372172, 235.8992380042511, 113
24170, 732.3410856372172, 235.8992380042511, 110
24235, 732.3410856372172, 235.8992380042511, 107
24304, 732.3410856372172, 235.8992380042511, 104
24372, 732.3410856372172, 235.8992380042511, 100
24437, 732.3410856372172, 235.8992380042511, 97
24506, 732.3410856372172, 235.8992380042511, 93
24572, 732.3410856372172, 235.8992380042511, 90
24640, 732.3410856372172, 235.8992380042511, 87
24704, 732.3410856372172, 235.8992380042511, 83
24773, 732.3410856372172, 235.8992380042511, 80
24841, 732.3410856372172, 235.8992380042511, 77
24911, 732.3410856372172, 235.8992380042511, 73
24980, 732.3410856372172, 235.8992380042511, 70
25047, 732.3410856372172, 235.8992380042511, 67
25112, 732.3410856372172, 235.8992380042511, 63
25182, 732.3410856372172, 235.8992380042511, 60
25248, 732.3410856372172, 235.8992380042511, 56
25313, 732.3410856372172, 235.8992380042511, 53
25381, 732.3410856372172, 235.8992380042511, 51
25446, 732.3410856372172, 235.8992380042511, 54
25512, 732.3410856372172, 235.8992380042511, 57
25580, 732.3410856372172, 235.8992380042511, 61
25646, 732.3410856372172, 235.8992380042511, 64
25712, 732.3410856372172, 235.8992380042511, 67
25776, 732.3410856372172, 235.8992380042511, 70
25844, 732.3410856372172, 235.8992380042511, 74
25910, 732.3410856372172, 235.8992380042511, 77
25977, 732.3410856372172, 235.8992380042511, 80
26047, 732.3410856372172, 235.8992380042511, 84
26112, 732.3410856372172, 235.8992380042511, 87
26177, 732.3410856372172, 235.8992380042511, 90
26243, 732.3410856372172, 235.8992380042511, 94
26311, 732.3410856372172, 235.8992380042511, 97
26381, 732.3410856372172, 235.8992380042511, 101
26452, 732.3410856372172, 235.8992380042511, 104
26517, 732.3410856372172, 235.8992380042511, 107
26583, 732.3410856372172, 235.8992380042511, 111
26650, 732.3410856372172, 235.8992380042511, 114
26716, 732.3410856372172, 235.8992380042511, 117
26782, 732.3410856372172, 235.8992380042511, 121
26848, 732.3410856372172, 235.8992380042511, 124
26914, 732.3410856372172, 235.8992380042511, 127
26975, 732.3410856372172, 235.8992380042511, 130
27043, 732.3410856372172, 235.8992380042511, 133
27106, 732.3410856372172, 235.8992380042511, 137
27172, 732.3410856372172, 235.8992380042511, 140
27238, 732.3410856372172, 235.8992380042511, 143
27303, 732.3410856372172, 235.8992380042511, 147
27371, 732.3410856372172, 235.8992380042511, 150
27437, 732.3410856372172, 235.8992380042511, 153
27503, 732.3410856372172, 235.8992380042511, 157
27569, 732.3410856372172, 235.8992380042511, 160
27634, 732.3410856372172, 235.8992380042511, 163
27700, 732.3410856372172, 235.8992380042511, 167
27764, 732.3410856372172, 235.8992380042511, 170
27832, 732.3410856372172, 235.8992380042511, 173
27899, 732.3410856372172, 235.8992380042511, 177
27969, 732.3410856372172, 235.8992380042511, 180
28034, 732.3410856372172, 235.8992380042511, 182
28103, 732.3410856372172, 235.8992380042511, 179
28171, 732.3410856372172, 235.8992380042511, 175
28236, 732.3410856372172, 235.8992380042511, 172
28303, 732.3410856372172, 235.8992380042511, 169
28372, 732.3410856372172, 235.8992380042511, 166
28438, 732.3410856372172, 235.8992380042511, 162
28505, 732.3410856372172, 235.8992380042511, 159
28572, 732.3410856372172, 235.8992380042511, 155
28638, 732.3410856372172, 235.8992380042511, 152
28705, 732.3410856372172, 235.8992380042511, 149
28772, 732.3410856372172, 235.8992380042511, 145
28841, 732.3410856372172, 235.8992380042511, 142
28906, 732.3410856372172, 235.8992380042511, 139
28972, 732.3410856372172, 235.8992380042511, 135
29040, 732.3410856372172, 235.8992380042511, 132
29108, 732.3410856372172, 235.8992380042511, 129
29174, 732.3410856372172, 235.8992380042511, 126
29241, 732.3410856372172, 235.8992380042511, 122
29305, 732.3410856372172, 235.8992380042511, 119
29373, 732.3410856372172, 235.8992380042511, 115
29440, 732.3410856372172, 235.8992380042511, 112
29505, 732.3410856372172, 235.8992380042511, 109
29574, 732.3410856372172, 235.8992380042511, 105
29637, 732.3410856372172, 235.8992380042511, 102
29703, 732.3410856372172, 235.8992380042511, 99
29771, 732.3410856372172, 235.8992380042511, 96
29835, 732.3410856372172, 235.8992380042511, 92
29902, 732.3410856372172, 235.8992380042511, 89
29969, 732.3410856372172, 235.8992380042511, 86
30037, 732.3410856372172, 235.8992380042511, 82
30103, 732.3410856372172, 235.8992380042511, 79
30171, 732.3410856372172, 235.8992380042511, 76
30235, 732.3410856372172, 235.8992380042511, 72
30304, 732.3410856372172, 235.8992380042511, 69
30371, 732.3410856372172, 235.8992380042511, 66
30442, 732.3410856372172, 235.8992380042511, 62
30510, 732.3410856372172, 235.8992380042511, 59
30574, 732.3410856372172, 235.8992380042511, 56
30641, 732.3410856372172, 235.8992380042511, 52
30707, 732.3410856372172, 235.8992380042511, 49
30772, 732.3410856372172, 235.8992380042511, 46
30838, 732.3410856372172, 235.8992380042511, 42
30907, 732.3410856372172, 235.8992380042511, 39
30972, 732.3410856372172, 235.8992380042511, 35
31035, 732.3410856372172, 235.8992380042511, 32
31104, 732.3410856372172, 235.8992380042511, 29
31172, 732.3410856372172, 235.8992380042511, 25
31233, 732.3410856372172, 235.8992380042511, 22
31302, 732.3410856372172, 235.8992380042511, 19
31370, 732.3410856372172, 235.8992380042511, 17
31435, 732.3410856372172, 235.8992380042511, 20
31502, 732.3410856372172, 235.8992380042511, 23
31571, 732.3410856372172, 235.8992380042511, 27
31636, 732.3410856372172, 235.8992380042511, 30
31703, 732.3410856372172, 235.8992380042511, 33
31772, 732.3410856372172, 235.8992380042511, 37
31838, 732.3410856372172, 235.8992380042511, 40
31904, 732.3410856372172, 235.8992380042511, 43
31973, 732.3410856372172, 235.8992380042511, 47
32037, 732.3410856372172, 235.8992380042511, 50
32104, 732.3410856372172, 235.8992380042511, 53
32172, 732.3410856372172, 235.8992380042511, 57
32241, 732.3410856372172, 235.8992380042511, 60
32307, 732.3410856372172, 235.8992380042511, 63
32373, 732.3410856372172, 235.8992380042511, 67
32442, 732.3410856372172, 235.8992380042511, 70
32508, 732.3410856372172, 235.8992380042511, 73
32573, 732.3410856372172, 235.8992380042511, 77
32641, 732.3410856372172, 235.8992380042511, 80
32706, 732.3410856372172, 235.8992380042511, 83
32773, 732.3410856372172, 235.8992380042511, 87
32842, 732.3410856372172, 235.8992380042511, 90
32911, 732.3410856372172, 235.8992380042511, 94
32980, 732.3410856372172, 235.8992380042511, 97
33045, 732.3410856372172, 235.8992380042511, 100
33113, 732.3410856372172, 235.8992380042511, 104
33179, 732.3410856372172, 235.8992380042511, 107
33244, 732.3410856372172, 235.8992380042511, 110
33310, 732.3410856372172, 235.8992380042511, 114
33374, 732.3410856372172, 235.8992380042511, 117
33438, 732.3410856372172, 235.8992380042511, 120
33508, 732.3410856372172, 235.8992380042511, 123
33578, 732.3410856372172, 235.8992380042511, 127
33642, 732.3410856372172, 235.8992380042511, 130
33708, 732.3410856372172, 235.8992380042511, 133
33775, 732.3410856372172, 235.8992380042511, 137
33843, 732.3410856372172, 235.8992380042511, 140
33908, 732.3410856372172, 235.8992380042511, 143
33978, 732.3410856372172, 235.8992380042511, 147
34045, 732.3410856372172, 235.8992380042511, 150
34108, 732.3410856372172, 235.8992380042511, 153
34174, 732.3410856372172, 235.8992380042511, 157
34240, 732.3410856372172, 235.8992380042511, 160
34304, 732.3410856372172, 235.8992380042511, 163
34372, 732.3410856372172, 235.8992380042511, 167
34438, 732.3410856372172, 235.8992380042511, 170
34505, 732.3410856372172, 235.8992380042511, 173
34572, 732.3410856372172, 235.8992380042511, 177
34642, 732.3410856372172, 235.8992380042511, 180
34711, 732.3410856372172, 235.8992380042511, 184
34776, 732.3410856372172, 235.8992380042511, 187
34844, 732.3410856372172, 235.8992380042511, 190
34912, 732.3410856372172, 235.8992380042511, 193
34981, 732.3410856372172, 235.8992380042511, 197
35047, 732.3410856372172, 235.8992380042511, 200
35114, 732.3410856372172, 235.8992380042511, 203
35182, 732.3410856372172, 235.8992380042511, 207
35250, 732.3410856372172, 235.8992380042511, 210
35313, 732.3410856372172, 235.8992380042511, 214
35382, 732.3410856372172, 235.8992380042511, 216
35452, 732.3410856372172, 235.8992380042511, 212
35521, 732.3410856372172, 235.8992380042511, 209
35587, 732.3410856372172, 235.8992380042511, 206
35653, 732.3410856372172, 235.8992380042511, 202
35721, 732.3410856372172, 235.8992380042511, 199
35790, 732.3410856372172, 235.8992380042511, 196
35855, 732.3410856372172, 235.8992380042511, 192
35923, 732.3410856372172, 235.8992380042511, 189
35986, 732.3410856372172, 235.8992380042511, 186
36053, 732.3410856372172, 235.8992380042511, 182
36124, 732.3410856372172, 235.8992380042511, 179
36192, 732.3410856372172, 235.8992380042511, 176
36260, 732.3410856372172, 235.8992380042511, 172
36324, 732.3410856372172, 235.8992380042511, 169
36389, 732.3410856372172, 235.8992380042511, 166
36455, 732.3410856372172, 235.8992380042511, 162
36524, 732.3410856372172, 235.8992380042511, 159
36591, 732.3410856372172, 235.8992380042511, 156
36660, 732.3410856372172, 235.8992380042511, 152
36727, 732.3410856372172, 235.8992380042511, 149
36797, 732.3410856372172, 235.8992380042511, 145
36862, 732.3410856372172, 235.8992380042511, 142
36930, 732.3410856372172, 235.8992380042511, 138
36996, 732.3410856372172, 235.8992380042511, 135
37061, 732.3410856372172, 235.8992380042511, 132
37130, 732.3410856372172, 235.8992380042511, 129
37198, 732.3410856372172, 235.8992380042511, 125
37263, 732.3410856372172, 235.8992380042511, 122
37331, 732.3410856372172, 235.8992380042511, 119
37398, 731.9184673754766, 236.8055457912878, 115
37463, 732.2930739688925, 235.878361936721, 112
37527, 732.2930739688925, 235.878361936721, 109
37600, 732.2930739688925, 235.878361936721, 105
37666, 732.2930739688925, 235.878361936721, 102
37732, 732.2930739688925, 235.878361936721, 99
37797, 732.2930739688925, 235.878361936721, 95
37863, 732.2930739688925, 235.878361936721, 92
37930, 732.2930739688925, 235.878361936721, 89
37995, 732.2930739688925, 235.878361936721, 85
38063, 732.2930739688925, 235.878361936721, 82
38128, 732.2930739688925, 235.878361936721, 79
38193, 732.2930739688925, 235.878361936721, 76
38262, 732.2930739688925, 235.878361936721, 72
38330, 732.2930739688925, 235.878361936721, 69
38399, 732.2930739688925, 235.878361936721, 65
38463, 732.2930739688925, 235.878361936721, 62
38532, 732.2930739688925, 235.878361936721, 58
38597, 732.2930739688925, 235.878361936721, 56
38668, 732.2930739688925, 235.878361936721, 52
38738, 732.2930739688925, 235.878361936721, 48
38812, 732.2930739688925, 235.878361936721, 45
38876, 732.2930739688925, 235.878361936721, 41
38946, 732.2930739688925, 235.878361936721, 38
39012, 732.2930739688925, 235.878361936721, 35
39080, 732.2930739688925, 235.878361936721, 31
39148, 732.2930739688925, 235.878361936721, 28
39217, 732.2930739688925, 235.878361936721, 24
39284, 732.2930739688925, 235.878361936721, 21
39351, 732.2930739688925, 235.878361936721, 18
39421, 732.2930739688925, 235.878361936721, 14
39484, 732.2930739688925, 235.878361936721, 11
39552, 732.2930739688925, 235.878361936721, 8
39619, 732.2930739688925, 235.878361936721, 4
39686, 732.2930739688925, 235.878361936721, 1
39753, 732.2930739688925, 235.878361936721, -2
39818, 732.2930739688925, 235.878361936721, -6
39884, 732.2930739688925, 235.878361936721, -9
39953, 732.2930739688925, 235.878361936721, -12
40021, 735.2161841632482, 235.2035087736894, -13
40087, 743.01114468153, 233.4039003389385, -13
40155, 749.803214765462, 231.7104470697408, -14
40223, 750.7595195214251, 231.4180753650181, -17
40291, 749.8198269006393, 231.7600955083437, -20
40360, 752.6013784643396, 230.636275728096, -22
40427, 759.1364414498201, 228.1277000812789, -21
40494, 765.6267284317876, 225.5054539273675, -22
40561, 771.1497575525023, 223.1610671564319, -23
40627, 770.2509635062031, 223.599438303221, -26
40697, 771.1255832133425, 223.1146286829746, -29
40762, 775.4986817490394, 220.690580581743, -29
40831, 781.6210196990152, 217.2969132400186, -29
40900, 788.6179773561304, 213.4184362780479, -29
40963, 792.9910758918274, 210.9943881768162, -29
41032, 798.13407969604, 207.9041597273559, -31
41098, 798.13407969604, 207.9041597273559, -34
41172, 798.13407969604, 207.9041597273559, -37
41235, 801.3286217362291, 205.4968996347477, -37
41301, 807.7177058166075, 200.6823794495313, -37
41367, 813.3081543869386, 196.469674287467, -37
41435, 818.8986029572696, 192.2569691254026, -37
41501, 823.6904160175534, 188.6460789864904, -37
41567, 829.2808645878845, 184.433373824426, -37
41633, 834.8713131582155, 180.2206686623617, -37
41701, 839.6631262184993, 176.6097785234494, -37
41767, 841.1725453789449, 175.2976604654684, -41
41833, 841.1725453789449, 175.2976604654684, -43
41900, 844.8293138870408, 171.8876686651559, -43
41964, 849.948789798375, 167.1136801447184, -43
42028, 854.9841684007456, 162.2510715515054, -44
42094, 859.3722906104604, 158.1590813911304, -43
42162, 864.407669212831, 153.2964727979175, -44
42226, 868.7957914225461, 149.2044826375425, -43
42292, 873.9152673338802, 144.430494117105, -43
42358, 878.2313061359122, 140.262543894351, -44
42425, 884.0821357488656, 134.806557013851, -43
42493, 888.4702579585806, 130.714566853476, -43
42560, 893.5897338699148, 125.9405783330386, -43
42624, 897.9778560796298, 121.8485881726636, -43
42688, 903.097331990964, 117.0745996522261, -43
42754, 905.181307102341, 114.9165802512101, -46
42819, 905.181307102341, 114.9165802512101, -49
42888, 908.4616022472936, 111.1430323500963, -49
42953, 913.054015450227, 105.8600652885369, -49
43021, 918.3024876821513, 99.82238864675471, -49
43087, 922.2388418560943, 95.29413116541807, -49
43151, 926.1751960300373, 90.76587368408143, -49
43218, 930.7676092329709, 85.48290662252203, -49
43285, 935.3600224359045, 80.19993956096263, -49
43353, 939.2963766098475, 75.67168207962599, -49
43420, 943.8887898127811, 70.38871501806658, -49
43487, 948.4812030157148, 65.10574795650718, -49
43553, 953.0736162186484, 59.82278089494777, -49
43621, 957.0099703925914, 55.29452341361115, -49
43692, 961.602383595525, 50.01155635205174, -49
43757, 966.1947967984586, 44.72858929049234, -49
43822, 970.1311509724016, 40.2003318091557, -49
43887, 974.7235641753353, 34.9173647475963, -49
43952, 978.6599183492783, 30.38910726625967, -49
44020, 983.2523315522119, 25.10614020470026, -49
44084, 987.1886857261551, 20.57788272336363, -49
44152, 992.4371579580791, 14.54020608158145, -49
44221, 996.3735121320221, 10.01194860024482, -49
44286, 1000.965925334956, 4.728981538685417, -49
44353, 1004.902279508899, 0.2007240573487854, -49
44422, 1010.150751740823, -5.836952584433391, -49
44488, 1014.087105914766, -10.36521006577002, -49
44553, 1018.023460088709, -14.89346754710665, -49
44621, 1022.615873291643, -20.17643460866606, -49
44685, 1026.552227465586, -24.70469209000269, -49
44751, 1027.75585751189, -26.30196311009728, -53
44813, 1027.196664608419, -25.47292553754223, -56
44882, 1027.196664608419, -25.47292553754223, -59
44947, 1027.666136171205, -26.35587313040116, -62
45014, 1027.243517909464, -25.44956534336451, -65
45082, 1027.243517909464, -25.44956534336451, -69
45147, 1027.243517909464, -25.44956534336451, -72
45214, 1027.243517909464, -25.44956534336451, -76
45281, 1027.243517909464, -25.44956534336451, -79
45346, 1027.243517909464, -25.44956534336451, -82
45413, 1027.243517909464, -25.44956534336451, -85
45482, 1027.260970315901, -26.4494130385209, -89
45551, 1027.295869812604, -25.45002221150181, -92
45616, 1027.295869812604, -25.45002221150181, -96
45684, 1027.295869812604, -25.45002221150181, -99
45752, 1027.295869812604, -25.45002221150181, -102
45817, 1027.295869812604, -25.45002221150181, -105
45882, 1027.295869812604, -25.45002221150181, -109
45951, 1026.921263219188, -26.37720606606859, -112
46016, 1027.327999862264, -25.46366060842599, -114
46082, 1026.969631912719, -26.39724103492319, -111
46146, 1027.278648907094, -25.44618451862804, -108
46218, 1027.019829861991, -26.41211034491711, -105
46283, 1027.227741552809, -25.4339627441833, -102
46348, 1027.227741552809, -25.4339627441833, -98
46418, 1027.227741552809, -25.4339627441833, -95
46482, 1027.227741552809, -25.4339627441833, -92
46550, 1027.227741552809, -25.4339627441833, -88
46618, 1027.227741552809, -25.4339627441833, -85
46685, 1027.227741552809, -25.4339627441833, -81
46751, 1027.227741552809, -25.4339627441833, -78
46821, 1027.503378908626, -26.39522444012162, -74
46888, 1027.177810754169, -25.44970586452231, -71
46952, 1027.177810754169, -25.44970586452231, -68
47017, 1027.177810754169, -25.44970586452231, -65
47083, 1027.177810754169, -25.44970586452231, -62
47147, 1027.177810754169, -25.44970586452231, -58
47214, 1027.75138719052, -26.2688579088113, -55
47283, 1027.135725715195, -25.48084715520457, -52
47348, 1027.135725715195, -25.48084715520457, -48
47414, 1027.135725715195, -25.48084715520457, -45
47483, 1027.135725715195, -25.48084715520457, -42
47551, 1027.923736468801, -26.09650863053023, -38
47617, 1027.923736468801, -26.09650863053023, -35
47683, 1031.200344645957, -28.39081437593442, -35
47751, 1037.753561000269, -32.97942586674279, -35
47818, 1043.487625310292, -36.99446092120011, -35
47883, 1045.183721502605, -38.05429944966652, -32
47948, 1044.309101795465, -37.56948982942018, -29
48014, 1045.200108319654, -38.02348032915972, -27
48079, 1051.437153988972, -41.20141382733656, -27
48148, 1057.674199658291, -44.37934732551338, -27
48213, 1063.91124532761, -47.5572808236902, -27
48282, 1069.304009605405, -50.18750770442467, -26
48350, 1068.376825750838, -49.81290111100876, -22
48420, 1068.376825750838, -49.81290111100876, -19
48484, 1072.181051816018, -51.04896908850854, -18
48551, 1079.745200420813, -53.6535143241658, -19
48617, 1085.451539518584, -55.50761629041549, -18
48684, 1092.10893513265, -57.67073525104012, -18
48749, 1097.815274230421, -59.52483721728981, -18
48816, 1103.553102766199, -61.27906744562623, -17
48883, 1103.553102766199, -61.27906744562623, -13
48952, 1103.553102766199, -61.27906744562623, -11
49020, 1108.461238683437, -62.23311242250895, -11
49084, 1116.314256151019, -63.7595843855213, -11
49148, 1122.223102669092, -64.80147345152289, -10
49213, 1128.112865769778, -65.94632742378216, -11
49282, 1135.006520040863, -67.16186466745066, -10
49351, 1141.900174311949, -68.37740191111917, -10
49416, 1148.793828583035, -69.59293915478767, -10
49488, 1155.68748285412, -70.80847639845619, -10
49553, 1160.625924557096, -71.59064872365734, -9
49619, 1159.629729859004, -71.50349298090969, -5
49688, 1162.622422009784, -71.71276240214207, -4
49756, 1169.595784896426, -72.32285260137568, -5
49822, 1177.576297298504, -72.88090439132867, -4
49891, 1183.561681600063, -73.29944323379343, -4
49956, 1189.538849788614, -73.82237769027938, -5
50023, 1196.521798140433, -74.31067300648826, -4
50092, 1204.502310542511, -74.86872479644126, -4
50161, 1210.48769484407, -75.28726363890602, -4
50226, 1217.470643195889, -75.77555895511489, -4
50292, 1224.444006082531, -76.3856491543485, -5
50360, 1230.42939038409, -76.80418799681326, -4
50425, 1237.412338735909, -77.29248331302213, -4
50491, 1243.397723037468, -77.71102215548689, -4
50556, 1250.380671389287, -78.19931747169576, -4
50624, 1257.354034275929, -78.80940767092937, -5
50687, 1263.339418577488, -79.22794651339413, -4
50752, 1269.324802879047, -79.64648535585889, -4
50817, 1274.31795055282, -79.90816513707362, -3
50884, 1273.318102857663, -79.9256175435109, 1
50951, 1273.318102857663, -79.9256175435109, 4
51015, 1273.318102857663, -79.9256175435109, 7
51082, 1273.318102857663, -79.9256175435109, 10
51150, 1273.318102857663, -79.9256175435109, 14
51221, 1273.318102857663, -79.9256175435109, 17
51285, 1273.318102857663, -79.9256175435109, 21
51351, 1273.318102857663, -79.9256175435109, 24
51421, 1273.318102857663, -79.9256175435109, 27
51487, 1273.318102857663, -79.9256175435109, 31
51552, 1273.318102857663, -79.9256175435109, 34
51616, 1273.318102857663, -79.9256175435109, 37
51683, 1273.318102857663, -79.9256175435109, 41
51751, 1273.318102857663, -79.9256175435109, 44
51817, 1273.318102857663, -79.9256175435109, 47
51881, 1273.318102857663, -79.9256175435109, 50
51947, 1273.318102857663, -79.9256175435109, 54
52012, 1273.318102857663, -79.9256175435109, 57
52084, 1273.318102857663, -79.9256175435109, 60
52152, 1273.318102857663, -79.9256175435109, 60
52220, 1273.318102857663, -79.9256175435109, 56
52286, 1273.318102857663, -79.9256175435109, 54
52353, 1273.318102857663, -79.9256175435109, 50
52417, 1273.318102857663, -79.9256175435109, 47
52484, 1273.318102857663, -79.9256175435109, 44
52551, 1273.318102857663, -79.9256175435109, 40
52617, 1273.318102857663, -79.9256175435109, 37
52685, 1273.318102857663, -79.9256175435109, 34
52758, 1273.318102857663, -79.9256175435109, 30
52828, 1273.318102857663, -79.9256175435109, 26
52901, 1273.318102857663, -79.9256175435109, 23
52971, 1273.318102857663, -79.9256175435109, 19
53040, 1273.318102857663, -79.9256175435109, 17
